channel_name,channel_url,country,subscribers,videos_found,average_views,last_video_date,score
Arquivo 42,https://www.youtube.com/channel/UCzcU3ZZWVR8O8a7NGeP4IDw,BR,11100,1,340268,2026-09-09T12:00:02Z,6
HypeGamesPlay,https://www.youtube.com/channel/UCJSuGoIwsJWl9AarnyDBBbg,BR,15600,1,336140,2026-09-10T03:08:12Z,6
d.breno_,https://www.youtube.com/channel/UC6QIXiC2KJJj-n26jx13efg,BR,8950,1,172302,2026-09-11T03:55:19Z,6
Canal Pé na Chuteira,https://www.youtube.com/channel/UCdYQiuUfbV0M9uM36rot6fg,BR,13900,1,85502,2026-09-10T20:59:26Z,6
Vitu Dos Ranks ,https://www.youtube.com/channel/UC4JfIdoMn3-FhCrpvkdWXdg,BR,16900,2,54607,2026-09-10T23:08:37Z,6
Antares Games,https://www.youtube.com/channel/UC4gmuNloGz92CEyGAAlB3yg,BR,14100,1,50937,2026-09-09T21:01:19Z,6
Cortes FitNation ,https://www.youtube.com/channel/UCJ71-1UOu17b-3MTKAjBr_w,BR,4250,1,46125,2026-09-09T22:15:07Z,6
Boleiros Onlinefc,https://www.youtube.com/channel/UCwz1FUECJqEeJtqk2dF3ocQ,BR,4490,1,44170,2026-09-10T21:05:09Z,6
Severino Fit,https://www.youtube.com/channel/UCKkC7InLEDfyK8zplAVqxcA,BR,7190,1,42843,2026-09-09T21:15:37Z,6
Sedentos por Futebol,https://www.youtube.com/channel/UCKuLttqplr3F2w1O0DhnFyw,BR,15300,1,40226,2026-09-10T21:57:36Z,6
ReGolFut,https://www.youtube.com/channel/UCxuVg9QydEQ8zfW67wQxL4w,BR,1590,1,37894,2026-09-11T06:34:55Z,6
Bola agora,https://www.youtube.com/channel/UCe9vsysvEDtjFCiwI2FxXow,BR,1270,1,29448,2026-09-07T20:43:50Z,6
Meije,https://www.youtube.com/channel/UCWZTlWOkjVQLosv1SFnKnxQ,BR,1280,2,26158,2026-09-10T23:10:30Z,6
Gairo FUT,https://www.youtube.com/channel/UC5UXYZEYdEgjD1J9zIhPVJQ,BR,12600,1,24951,2026-09-10T20:25:36Z,6
O Cara Shorts,https://www.youtube.com/channel/UCWo2CicvN_jjgLYbHkCNtOA,BR,2340,1,22786,2026-09-10T15:30:23Z,6
TORQX ,https://www.youtube.com/channel/UCpS4jrXtirb14Qm6jB9knXQ,BR,18000,1,21199,2026-09-10T21:00:29Z,6
Fábio Fonzare,https://www.youtube.com/channel/UCVl41irnUE-W-XSW23nTtCA,BR,8540,1,20460,2026-09-10T20:00:27Z,6
MMA CORTES ,https://www.youtube.com/channel/UCafUbiT-qiOp7Qfssc2QUXw,BR,10200,1,19420,2026-09-10T22:44:15Z,6
Esporte Clube News 360°,https://www.youtube.com/channel/UCHBoOHqxH7Qb7VRUjeU6NOQ,BR,14400,4,18302,2026-09-11T15:26:12Z,6
FUTEBOL MUITO +,https://www.youtube.com/channel/UCsNasS8gygpjsRARkRwPSLw,BR,14900,2,17379,2026-09-11T15:11:53Z,6
CuriousFut,https://www.youtube.com/channel/UCybVU6K-BO6LKM1z8VcYrAw,BR,4290,1,15273,2026-09-11T13:06:52Z,6
Luksstos 91,https://www.youtube.com/channel/UCT73OfYND4LCa13YR5Ybb7Q,BR,6080,1,14641,2026-09-09T14:10:56Z,6
Blue Frog Maromba,https://www.youtube.com/channel/UCTgxRZXHoWIGTWoJW1AssMw,BR,2280,1,13979,2026-09-11T00:00:23Z,6
Gol de tabela,https://www.youtube.com/channel/UCysV1-FR2Wi2EEBUm3FIovg,BR,9800,2,12914,2026-09-10T21:24:48Z,6
ShounenAnimes,https://www.youtube.com/channel/UCIt89I4siEqJNhVvPJJKZpA,BR,10700,1,12779,2026-09-10T21:00:17Z,6
Adriano do Retranca,https://www.youtube.com/channel/UCzFbJd67MgLsp5KQOYjDx_w,BR,4670,1,9356,2026-09-09T21:47:08Z,6
Fut Pós Jogo,https://www.youtube.com/channel/UCylGs8xWoj-96UESr2-xqVw,BR,1690,1,7543,2026-09-09T09:30:36Z,6
TicoMia Rank Shorts,https://www.youtube.com/channel/UCLCs6xKJg-QKos1a4LhTBvQ,BR,1800,1,7290,2026-09-10T20:30:37Z,6
OÚLTIMOPRIME,https://www.youtube.com/channel/UCABtXFms1MSw0BUC6tTRACg,BR,3550,1,5617,2026-09-11T10:30:20Z,6
Narrativas da Maromba,https://www.youtube.com/channel/UCpPydieC6DJ2re-q-Ni6XFw,BR,4550,1,4927,2026-09-10T23:02:21Z,6
Vinik7,https://www.youtube.com/channel/UCWpbbKG-5RiKE-D--QGNIcA,BR,1920,1,4765,2026-09-11T14:45:25Z,6
Corinthians Fut Gols,https://www.youtube.com/channel/UC8hIox46hTm0DE7wJAdNaGQ,BR,2560,1,4167,2026-09-08T18:00:06Z,6
guettopg,https://www.youtube.com/channel/UC4tDLwNOgFccXiDF39b7BMw,BR,2000,1,4131,2026-09-10T18:15:49Z,6
RICOVISK FUT,https://www.youtube.com/channel/UC--KYRt5uNQERIi2cycSU3g,BR,3520,1,3561,2026-09-11T16:00:39Z,6
Toca aqui,https://www.youtube.com/channel/UCiB7IgGUikLFkovB6Bnxjlw,BR,1090,2,2708,2026-09-11T17:00:39Z,6
Futebolranks,https://www.youtube.com/channel/UCGTI9B9HP7zMbgw-TEJwKow,BR,1990,2,2655,2026-09-11T10:15:05Z,6
CRMDiogo🐶,https://www.youtube.com/channel/UCR5F5wCkTg8KAQcg5DQ9P4Q,BR,1390,1,2434,2026-09-10T21:00:25Z,6
PODCAST DO GIGANTE ,https://www.youtube.com/channel/UCfL779sLH1MPamP00UJMaGw,BR,1610,2,2295,2026-09-11T12:54:04Z,6
this is fut ⚽,https://www.youtube.com/channel/UCYG_f4wxVlTpMJxBo959U0g,BR,1110,1,2195,2026-09-11T11:45:26Z,6
Samuel Rigon Skills,https://www.youtube.com/channel/UCWxQoQoNJaB0NgKYy8Omouw,BR,1860,1,1899,2026-09-11T11:00:29Z,6
LUCIVANDOFIT ,https://www.youtube.com/channel/UCdsFTVb-LzV6leN8o6nYi0A,BR,1540,1,1540,2026-09-11T09:54:34Z,6
Na Barreira | Futebol,https://www.youtube.com/channel/UCIvqb1lE-mbkwfG1yTGhbLw,BR,1090,1,1396,2026-09-09T05:16:19Z,6
b-boy-gamer123,https://www.youtube.com/channel/UCTG_RftKpNLaupe4iI0epFA,BR,1120,1,1366,2026-09-11T04:17:48Z,6
SnipolLive,https://www.youtube.com/channel/UC-xtktOV5SGTsQwOsQiXtqw,BR,1130,1,1274,2026-09-10T23:49:15Z,6
FutMania Pro,https://www.youtube.com/channel/UCudATzoBhOq6uY352-rrfaQ,BR,1080,1,1265,2026-09-11T18:11:45Z,6
Entre Linhas FC,https://www.youtube.com/channel/UC0PfWK5OnuYRt76_9F5BoXg,BR,1120,2,1259,2026-09-10T13:45:30Z,6
Epic Moments SC,https://www.youtube.com/channel/UCBZcgjQTx4Lnc2RXFcw9ydQ,BR,1180,1,1208,2026-09-10T20:47:06Z,6
Cortes Primout,https://www.youtube.com/channel/UCuxavUQj_onq7glTjVlPn1w,BR,1180,1,1193,2026-09-10T20:00:30Z,6
CORÓ,https://www.youtube.com/channel/UC-hygcrupC5ohyQgo3cNT9A,BR,15400,1,13818,2026-09-11T14:00:08Z,5
Rota Dos Leilões,https://www.youtube.com/channel/UCE7BnfhtdTznIzEJnycrwsg,BR,2360,1,12113,2026-09-06T21:00:36Z,5
Futebol Virtual Games 🎮,https://www.youtube.com/channel/UCIh-8upQuwFidBrzuarRr0g,BR,16700,1,11684,2026-09-10T09:00:06Z,5
Reactou!,https://www.youtube.com/channel/UC9tQrgEILKOrTC4F4LawfyA,BR,10300,1,9632,2026-09-10T14:00:02Z,5
Dili,https://www.youtube.com/channel/UCJtdakGnZ4YVvKk0i44IvKQ,BR,14500,1,8193,2026-09-10T21:27:59Z,5
Murilo_Tech,https://www.youtube.com/channel/UCr_7jVqxORS9mRV1CNfhnoQ,BR,9360,1,7682,2026-09-09T15:01:54Z,5
Tomarombando,https://www.youtube.com/channel/UC3_W6W7E0nYd9iEimqoBxwA,BR,10800,1,7099,2026-09-10T23:53:52Z,5
@jegue PvP,https://www.youtube.com/channel/UCcKADzMe8lu8pQc9-aIHy9Q,BR,10700,1,6748,2026-09-10T16:44:48Z,5
Igo Vlogs,https://www.youtube.com/channel/UCUpUou-cesUbgjbVV7r-yZQ,BR,10600,1,6534,2026-09-10T22:00:16Z,5
duw,https://www.youtube.com/channel/UCq4CXI_NiMJPusilD8A2wHw,BR,9440,2,5140,2026-09-10T20:15:01Z,5
ROVAGOOL ,https://www.youtube.com/channel/UCwQGCm-RWdsq8R9yGWQlh1g,BR,6480,2,4498,2026-09-11T12:00:33Z,5
Supinando Cortes,https://www.youtube.com/channel/UCFZSLhvRCvXJg1Nybmg5D9Q,BR,5750,1,4269,2026-09-11T14:00:29Z,5
Kazuuyi,https://www.youtube.com/channel/UCacWiveYxWAdjP86sG_t2QA,BR,1910,1,3981,2026-09-05T21:00:22Z,5
Conversadofut,https://www.youtube.com/channel/UCj42TcLOexVkVXZD9U0lRkg,BR,3100,1,2797,2026-09-09T00:20:16Z,5
cortesbr,https://www.youtube.com/channel/UC2YxpLBMHWMHrL3pFu6pffw,BR,2940,1,2736,2026-09-11T03:45:35Z,5
OverSport,https://www.youtube.com/channel/UCps2ivT3vRIgC4dXvdAU1aA,BR,4820,1,2443,2026-09-10T20:46:01Z,5
OHF News,https://www.youtube.com/channel/UCi7HPINCygA7hiUbnQH5Ezw,BR,2240,1,2170,2026-09-09T18:54:59Z,5
TecnoGeek Hardware,https://www.youtube.com/channel/UCM6I6s0B12P9pFUfDshPkew,BR,3370,1,2060,2026-09-10T23:08:19Z,5
Podcast Garagem TV,https://www.youtube.com/channel/UCCCIhXIAaXdj57AAO1ssWLg,BR,1510,1,2057,2026-09-06T14:22:00Z,5
Itsviniciusribeiro,https://www.youtube.com/channel/UC-wzprI7vTtO7pWMCohoy5Q,BR,2700,1,1720,2026-09-10T01:18:52Z,5
PRADEEP_JHA,https://www.youtube.com/channel/UCBcu_4CcKdZ6m0C8ORo-a5A,BR,2960,1,1616,2026-09-11T11:30:10Z,5
Felipera,https://www.youtube.com/channel/UCpiFKJBJf8KkK4whOojl1mg,BR,2750,1,1579,2026-09-11T11:54:35Z,5
Lucas Envelopamento,https://www.youtube.com/channel/UCXr4MK37RkTzTFWLZQuiqjw,BR,1550,1,1560,2026-09-07T15:48:00Z,5
AADUD,https://www.youtube.com/channel/UCByIfHzOuYejMYH3hwPhrfQ,BR,1740,1,1557,2026-09-10T23:43:56Z,5
euKatie Games,https://www.youtube.com/channel/UCkN03mhLo02wnlLz7jhn0sg,BR,1670,1,1500,2026-09-11T07:45:55Z,5
Yuri Cortes TV,https://www.youtube.com/channel/UCQNb-kBl6SY_a6SGM0UccCA,BR,2600,1,1390,2026-09-10T21:48:49Z,5
Diário Carioca,https://www.youtube.com/channel/UCtSnl25XKctTbdHqO9f6qZQ,BR,1390,1,1388,2026-09-10T01:15:33Z,5
Resenha Futebol clube,https://www.youtube.com/channel/UC04o2NRvX6QAwmcwXPkGPxw,BR,1380,1,1298,2026-09-11T08:00:37Z,5
Marombeiro Lobomal,https://www.youtube.com/channel/UC_sFp4DbHztYShzlm_8aJAQ,BR,1770,1,1119,2026-09-10T10:30:31Z,5
Entre PC & Negócios - Jean Carlos,https://www.youtube.com/channel/UCAFCj_0wdN36_PWa-XqX1_g,BR,2160,1,1107,2026-09-10T17:00:02Z,5
RecPlay,https://www.youtube.com/channel/UC4mdLK-nyIe2CAX-HZlGW9g,BR,1170,1,1100,2026-09-10T00:23:59Z,5
Corte Seco Fc,https://www.youtube.com/channel/UCGWfWMR41pIuPqy0EQXUpPQ,BR,1230,1,1065,2026-09-11T14:00:32Z,5
Podclipoficial,https://www.youtube.com/channel/UC_7qqLglc66czF1dfFB13ZA,BR,1710,1,1057,2026-09-11T17:11:57Z,5
CANALHAS NA ÁREA,https://www.youtube.com/channel/UChDLapExaf_YLQUo-gcjp3w,BR,2070,1,1041,2026-09-11T02:18:20Z,5
Tcar Talks,https://www.youtube.com/channel/UCONA6HcmkbFspqEwJ9FgnyQ,BR,1170,1,1025,2026-09-11T16:04:23Z,5
Esporte_Express,https://www.youtube.com/channel/UCFiXwC8Oxhmi096uiuGjzVw,BR,1600,1,1001,2026-09-10T22:37:08Z,5
KBrun,https://www.youtube.com/channel/UCeyYdcJ4_hjbhVbAsGiOQkg,BR,1420,1,1000,2026-09-11T10:14:41Z,5
MacalFUT,https://www.youtube.com/channel/UCvTThtSDq43imBSSw3OUDyg,BR,1870,1,985,2026-09-10T20:45:03Z,5
Herø,https://www.youtube.com/channel/UC7ayjhLswz0GGIqe2A1KskA,BR,1200,1,959,2026-09-11T15:28:22Z,5
Mazarin,https://www.youtube.com/channel/UCt-leY8W01VCg-0Povc7VaA,BR,1260,1,900,2026-09-10T21:10:01Z,5
KayoPhysique,https://www.youtube.com/channel/UCfVL4sHGOM4SGpHAiyJOJ8A,BR,2080,5,886,2026-09-11T10:00:03Z,5
NAPSTER TECNOLOGIA ,https://www.youtube.com/channel/UCrKGXKHcRX70NaAPGCM6WFw,BR,1250,2,876,2026-09-10T21:22:29Z,5
THIAGÃO,https://www.youtube.com/channel/UC99UIs5szhxNrqqHZ5AKQPg,BR,1010,1,833,2026-09-11T15:00:18Z,5
 Moriahclips,https://www.youtube.com/channel/UCX0BIdDPjM6jqi3qU-2Y4tA,BR,1100,1,789,2026-09-11T17:30:37Z,5
Por Dentro do Motor,https://www.youtube.com/channel/UCf_CiSPjDqzEIayyzv1-gOQ,BR,14800,2,47265,2026-08-27T20:30:09Z,4
Mente e Mercado,https://www.youtube.com/channel/UCeS9WEg9O_JLK26Eca30OwA,BR,15300,1,14262,2026-09-05T22:19:06Z,4
CANALFUTCR,https://www.youtube.com/channel/UCbAd4lUs0Ot2qGxS87pbaTQ,BR,13400,2,5406,2026-09-10T17:00:14Z,4
O Manual Da Bola,https://www.youtube.com/channel/UC5tIQDP-ca09d0utDA4vppw,BR,9590,1,3366,2026-09-09T17:25:32Z,4
Vestiário Raiz FC,https://www.youtube.com/channel/UC9-07ekSSa7HInwQ_iwK-qQ,BR,10600,1,2907,2026-09-10T15:00:33Z,4
Karllos,https://www.youtube.com/channel/UCn9qZ8dxp6veMk_e0TK4Nxw,BR,7250,1,2649,2026-09-10T01:02:37Z,4
Effeagá,https://www.youtube.com/channel/UCkExFhDcj__JCYfE8-4kWPA,BR,2450,2,2327,2026-09-06T21:00:26Z,4
Fabio Dom Principe,https://www.youtube.com/channel/UCDXvnQlcxT4pk3fxStGDXEA,BR,7110,1,1738,2026-09-11T13:51:02Z,4
Flow e Podpah Cortes,https://www.youtube.com/channel/UCPQFK99DMteVOJQLtLYaU9A,BR,6900,1,1704,2026-09-10T10:00:30Z,4
Toni Tech,https://www.youtube.com/channel/UCMy5ffBON9GQLT3s2vTMO0w,BR,4450,2,1690,2026-09-10T23:34:12Z,4
VAR COM LUCAS,https://www.youtube.com/channel/UC18bEllVutrNQBQnSMNLjmw,BR,4560,2,1579,2026-09-11T14:07:04Z,4
gera reações ,https://www.youtube.com/channel/UCWIVNEbAdoCoLR-nHn37Qlw,BR,3440,1,1569,2026-09-10T15:45:10Z,4
Vision Cup ,https://www.youtube.com/channel/UCgRcOYWXgqI5Vfl0Ybxl4Ww,BR,4500,1,1547,2026-09-11T18:03:18Z,4
Giovanna Vlasic | Prof Autista Gamer,https://www.youtube.com/channel/UCor9AoASVoppnpi2ABbb_-w,BR,5650,1,1536,2026-09-09T21:33:43Z,4
Hey Beccky,https://www.youtube.com/channel/UC9vgQJSTeMHgyX0ZC4jmjrg,BR,5870,1,1462,2026-09-09T21:00:17Z,4
YumiFenix,https://www.youtube.com/channel/UC9DB49NuZ3MtEmRi4RL9_3A,BR,4330,1,1413,2026-09-10T21:27:34Z,4
Wandrio Wesley-Oficial,https://www.youtube.com/channel/UCHYVuEjynWEikG4Si4DbSJg,BR,3200,3,1390,2026-09-09T23:17:28Z,4
YneftGG,https://www.youtube.com/channel/UCHSInPX32tpcKYg_9uC8zjA,BR,5430,1,1371,2026-09-09T16:52:17Z,4
Lolla Lopes ,https://www.youtube.com/channel/UCZxTqYJcCK5hh6h6g_Mogyw,BR,4440,1,1338,2026-09-10T23:30:32Z,4
Vam Bora Aprender,https://www.youtube.com/channel/UCJxkcGQgRqXmINx3q9wKnGg,BR,3850,1,1262,2026-09-09T23:22:18Z,4
Ei Lima,https://www.youtube.com/channel/UCZA9JSpLCwlDsX5z8IWcrSA,BR,3980,1,1258,2026-09-11T18:00:06Z,4
 projeto cabelão,https://www.youtube.com/channel/UCLDhbwGU5G5bUUafjHweZpw,BR,2430,1,1193,2026-09-11T04:32:57Z,4
JL7 ⚡,https://www.youtube.com/channel/UCz1Q675WGTBXvfEQKPfbjkA,BR,5500,1,1118,2026-09-10T13:45:38Z,4
Resenha da Bola,https://www.youtube.com/channel/UCXw4r1Fzcw0FhoWxmNYV6CQ,BR,4600,1,997,2026-09-11T15:00:25Z,4
kayky do sítio ,https://www.youtube.com/channel/UCwyFT0pOECtSvvgKVMjL7Qw,BR,2790,1,964,2026-09-10T13:27:59Z,4
opaceenos,https://www.youtube.com/channel/UCj2WCZ6ENhL7vfqTsycvKmA,BR,4160,1,948,2026-09-10T14:59:19Z,4
Tairu Auto,https://www.youtube.com/channel/UCxvb3mGiKSCliTRwHbjMqcg,BR,2020,1,877,2026-09-11T15:20:51Z,4
PEGA A CHAVE - CARROS,https://www.youtube.com/channel/UCw3j88BqcvOD80dz1mfcR3Q,BR,3050,1,820,2026-09-11T14:48:49Z,4
Lado Vasco ®,https://www.youtube.com/channel/UCXMOxuXJdp-7lMNuI_H2nPQ,BR,2930,1,781,2026-09-11T11:25:00Z,4
Dez ou Dois,https://www.youtube.com/channel/UCpMoHUdtuPUtFcJrv1BqJuQ,BR,1750,1,777,2026-09-11T15:00:15Z,4
canal sonho alviverde ,https://www.youtube.com/channel/UCtQu1wAegM8JmQ05k7wmBAg,BR,1920,2,754,2026-09-11T02:25:15Z,4
Bola d'Ouro ,https://www.youtube.com/channel/UCYSDsh2mabvnAw4WscatZ_Q,BR,1330,1,736,2026-09-07T19:27:14Z,4
Forhred,https://www.youtube.com/channel/UCK0XaVbmaEs_KZgRGL0eaXQ,BR,1290,1,595,2026-09-11T16:00:11Z,4
DiaBets,https://www.youtube.com/channel/UCTj2Ex9zWYqvZ3QyomzrUZQ,BR,1960,2,525,2026-09-10T21:30:12Z,4
Clube Do Arcade,https://www.youtube.com/channel/UC9kddwFjEeMKZf0tgpUwvvg,BR,1170,1,457,2026-09-08T17:51:38Z,4
Fatos Automotivos,https://www.youtube.com/channel/UCdFifDl6kw_r29fXc5jjXow,BR,1560,2,332,2026-09-11T12:00:19Z,4
Canal fechado com verdão,https://www.youtube.com/channel/UCHMnu4PQxkUVbgk5MhXwcDg,BR,1250,1,291,2026-09-11T02:25:32Z,4
CerVasco,https://www.youtube.com/channel/UCDkRpTJu8OCEmc2mR6vusaQ,BR,11400,1,3670,2026-09-07T03:12:45Z,3
JC GAMES CLÁSSICOS,https://www.youtube.com/channel/UC0yRC6uEYDgU3XAMzwqS8LQ,BR,18300,1,3258,2026-09-10T23:50:34Z,3
Neto Viana,https://www.youtube.com/channel/UCnPo2e9b8FaTkE72nuWl0qg,BR,12500,1,2026,2026-09-09T19:07:42Z,3
Cortes Motorzinho,https://www.youtube.com/channel/UCaAbFd27hk3Q6caXtGGBB6A,BR,13900,1,1929,2026-09-11T15:15:27Z,3
Clips raivoso ,https://www.youtube.com/channel/UCFF3yDvgYnLPnK9WziOyrhw,BR,3680,2,1836,2026-09-04T21:16:16Z,3
Corte de Marcha,https://www.youtube.com/channel/UCWncvIWToZuvDTQahUdIfyQ,BR,3360,1,1720,2026-08-26T14:35:43Z,3
Reginaldo Souza,https://www.youtube.com/channel/UCHRfe7IT5__91n_y96g5oVg,BR,10100,1,1636,2026-09-10T12:29:47Z,3
Recriados,https://www.youtube.com/channel/UCByCT6kgHeTJay42xZrzuow,BR,9520,1,1546,2026-09-10T16:00:22Z,3
🐺 Pablo Wolf,https://www.youtube.com/channel/UCH95-JpXI4qs6hdLFmQhl9Q,BR,10900,1,1506,2026-09-10T21:07:24Z,3
Estilo Autos,https://www.youtube.com/channel/UC1Uo5LomOYBme8VSnyR9Q4w,BR,15000,1,1447,2026-09-10T21:45:21Z,3
Pedrock,https://www.youtube.com/channel/UCFZpKkKKtLx_rCmPgLzTRvQ,BR,7830,1,1402,2026-09-10T23:40:22Z,3
Furtini,https://www.youtube.com/channel/UCFSKSJT-xZA4UxIrFMOExXQ,BR,18500,1,1344,2026-09-10T21:45:07Z,3
RavenaZ XP,https://www.youtube.com/channel/UCXwIRUSKcn5sQSCXKu0BKcg,BR,13300,1,1288,2026-09-10T18:13:26Z,3
CAMISA 5,https://www.youtube.com/channel/UCCeshjtMok7PEd6IiFjyyFA,BR,4940,1,1283,2026-09-06T19:06:43Z,3
GamesMr100,https://www.youtube.com/channel/UC-NIoAJGtb-Ze0KSqR77wuw,BR,10500,1,1251,2026-09-11T07:14:28Z,3
CARDOSO TV,https://www.youtube.com/channel/UCS3JWyVx8Ts8f-UOssXo5Tw,BR,17500,1,1230,2026-09-09T23:52:36Z,3
Negócio Sobre Rodas,https://www.youtube.com/channel/UCIwWsgWUB7JfCtl779oUiEA,BR,8480,1,1154,2026-09-09T21:00:34Z,3
Guilherme do GTI PQP,https://www.youtube.com/channel/UCmVVyJ8L64OmTjtQUzVJkig,BR,14100,1,1151,2026-09-11T02:51:16Z,3
Bora de Opala,https://www.youtube.com/channel/UCd-8ib0WhWvtvabES5M8BMQ,BR,8010,1,1141,2026-09-10T21:18:33Z,3
InforGamer,https://www.youtube.com/channel/UC5O2Y_xxWqrhDWzwt4yNmdg,BR,11500,1,1134,2026-09-10T23:58:02Z,3
STEP SHOW,https://www.youtube.com/channel/UCp9p43i2vaGmlwCSSuz_Nkg,BR,9650,1,1125,2026-09-10T20:18:56Z,3
Rrtecnologia07,https://www.youtube.com/channel/UC83O8ETdJPRoT8dzi9d9axg,BR,14800,1,1121,2026-09-10T20:02:41Z,3
Rhenan | O Drop,https://www.youtube.com/channel/UC476l58ShoVpK_Y5yGEAyvw,BR,15200,1,1121,2026-09-10T18:08:20Z,3
phil,https://www.youtube.com/channel/UC3x2_pMHJnoclAx_5uTfllQ,BR,15500,1,1069,2026-09-11T15:00:09Z,3
NilGames XP,https://www.youtube.com/channel/UCY2oRcEyDYr7IUTeBhlXfqw,BR,12600,1,1044,2026-09-08T02:35:06Z,3
Andre Tutor,https://www.youtube.com/channel/UCAqVm51W1liCvlmEiR_LYdA,BR,17700,1,1041,2026-09-10T23:16:18Z,3
Futebol Brasileiro News,https://www.youtube.com/channel/UC1s95RDQbJ9b1pi6EobdElg,BR,17100,1,1025,2026-09-11T15:09:09Z,3
DNA Rubro-Negro,https://www.youtube.com/channel/UCc-4WJW3dlX8VVhHfXVSR0g,BR,4820,1,1014,2026-09-06T21:11:53Z,3
Mais Uma Marcha,https://www.youtube.com/channel/UCcQfzCerRqxKuqjv-EMO1Og,BR,6400,1,1009,2026-09-11T11:30:24Z,3
Auto Avaliador Consultoria Automotiva,https://www.youtube.com/channel/UCsBdVbIKJ6D4rOBI8M3un5g,BR,1430,2,984,2026-09-01T10:00:26Z,3
Palestra Futebol TV,https://www.youtube.com/channel/UCtg3vyIhC7lYrwyaPGiI-Rw,BR,7940,1,957,2026-09-11T14:18:22Z,3
Luiz HGames,https://www.youtube.com/channel/UCGYi5ORIE2EVgeT7AHE_onQ,BR,14800,1,916,2026-09-10T16:00:15Z,3
EletroPower Lab,https://www.youtube.com/channel/UC_o4jqJjrkOowNZ5sfI241g,BR,10500,1,913,2026-09-10T15:00:11Z,3
teeduartee,https://www.youtube.com/channel/UCb5H_nWzxROJErEDlSf9CCw,BR,7670,1,902,2026-09-10T21:10:54Z,3
PodGolRio,https://www.youtube.com/channel/UC1JCuAFT0al2hXwKg6wjSOA,BR,5780,1,879,2026-09-10T14:20:12Z,3
Ralysson Motors,https://www.youtube.com/channel/UCAFSUgsj1soxe9TOLnPt4fw,BR,5040,1,819,2026-09-11T15:30:00Z,3
corte boo maromba ,https://www.youtube.com/channel/UC0f7deDAepn8FG1AsyZf8Rw,BR,19900,3,816,2026-09-11T16:00:36Z,3
Jickr Gols,https://www.youtube.com/channel/UCifwBQTBWUsn1zmjEtk661A,BR,8380,1,815,2026-09-11T17:59:27Z,3
"Fala, Luca FC",https://www.youtube.com/channel/UCeZgOFPXW7MbJPc62neyraA,BR,4650,1,788,2026-09-11T17:32:00Z,3
HZ Games Tech,https://www.youtube.com/channel/UC6_6JOBNwivqV7ksf6h4CIw,BR,7160,1,781,2026-09-09T23:53:26Z,3
Isto é Avaí,https://www.youtube.com/channel/UCLEOk-ZHXUfoQskQ98EJVgQ,BR,14100,1,768,2026-09-10T21:38:18Z,3
Uander Santos,https://www.youtube.com/channel/UCWoRKa7vbF79qd0iZp794wQ,BR,6530,1,767,2026-09-11T11:01:01Z,3
falaporcada1914,https://www.youtube.com/channel/UCT0JFMehw7Hfdfn3tTJ3SAA,BR,6670,1,735,2026-09-10T19:15:22Z,3
A.R PINTURAS AUTOMOTIVAS,https://www.youtube.com/channel/UCsEXNUEHjAoGbr1Q_ixg5wg,BR,1610,2,644,2026-09-03T22:31:57Z,3
JackSpace,https://www.youtube.com/channel/UCxKMGGt7hNYUl3Fi5s10Wrw,BR,9230,1,625,2026-09-11T15:02:54Z,3
Atriaki,https://www.youtube.com/channel/UC7l_i6gvwW-7G6tg2yGwzAQ,BR,4320,1,590,2026-09-10T20:56:53Z,3
ZevPro – Suba de Nível no EA FC,https://www.youtube.com/channel/UCxZSFUz9q7N3VN8Lp7B1L9Q,BR,9570,1,582,2026-09-11T15:00:24Z,3
Goshi,https://www.youtube.com/channel/UCdj5AtvS-FHybWtcGHinCoQ,BR,2910,1,570,2026-09-11T15:00:02Z,3
Fala Pedro Reis | Jornalismo Esportivo,https://www.youtube.com/channel/UCIEmroGKdXk8UHGKJPLkghQ,BR,4290,1,499,2026-09-11T16:00:30Z,3
Plantão Verdão 1914,https://www.youtube.com/channel/UCBhLFZ0wWKqN5TJohrMT8pg,BR,12100,1,404,2026-09-11T15:00:01Z,3
Rankingbrabo,https://www.youtube.com/channel/UCwYR1C2_CO11BifGg4nZ3BQ,BR,7200,1,320,2026-09-11T18:45:09Z,3
FORTE VINGADOR NEWS,https://www.youtube.com/channel/UCX9w75DofSy6vb_ygZNoa0g,BR,2080,1,320,2026-09-11T18:12:47Z,3
FABIO MORENO,https://www.youtube.com/channel/UC3iMcwFtm67Pm_9wJ9dmTTg,BR,1360,2,236,2026-09-10T23:30:47Z,3
PONTOCOM - INFORMÁTICA,https://www.youtube.com/channel/UCjs2XmDaggwqmIL40DKUk-Q,BR,4150,1,230,2026-09-11T15:00:03Z,3
SHAMAN RP,https://www.youtube.com/channel/UCbp7NcZHQWOT6IERdDlTqAg,BR,10500,1,217,2026-09-10T15:00:10Z,3
Home Gym Brasil,https://www.youtube.com/channel/UCV-fFm2LvI4GhiIoKIW2F3Q,BR,4140,1,214,2026-09-11T14:45:33Z,3
Golden fisherman,https://www.youtube.com/channel/UC-VPq2Aq_-g1XpMm_nOt8jA,BR,3530,1,201,2026-09-11T15:55:38Z,3
Garagem da mecânica,https://www.youtube.com/channel/UCoPBapy4fxF3UBdxFM04KCw,BR,7610,1,147,2026-09-11T18:56:17Z,3
Carros Fã Clube,https://www.youtube.com/channel/UChRlc-ut2mert79W43s4YHg,BR,4510,2,142,2026-09-09T15:00:01Z,3
Grupo Visual,https://www.youtube.com/channel/UC1I6sgUFQrRPhfnMvKZmWfQ,BR,2030,1,125,2026-09-10T21:28:08Z,3
MESTRE_ALTINO,https://www.youtube.com/channel/UCkdklQBvgW03uWIaN2HfzxQ,BR,3840,1,115,2026-09-11T09:32:22Z,3
mryeester em Português,https://www.youtube.com/channel/UC2jLDF-sBIuO2U6zpUtUk6Q,BR,4930,1,114,2026-09-10T16:00:34Z,3
RESENHA TV,https://www.youtube.com/channel/UCSmZtlkgiy8nEJp-U7kf1KA,BR,1790,1,101,2026-09-09T12:29:29Z,3
Descomplica IA,https://www.youtube.com/channel/UChEE72yNdlXCWJVgiDKkbIA,BR,9320,1,80,2026-09-11T02:10:18Z,3
Tom de Tecnologia,https://www.youtube.com/channel/UCE8q0JYHcxa6_dfti-7Uc4w,BR,8040,1,77,2026-09-11T11:25:21Z,3
BulletVexille,https://www.youtube.com/channel/UC365IAjDBtEqSC_3suY1XdA,BR,1330,2,67,2026-09-11T18:37:29Z,3
Tatchi Matz - Terapeuta Corporal Integrativa,https://www.youtube.com/channel/UC1ifr5cHGMk0Y70cz59iJgw,BR,14000,1,67,2026-09-08T18:16:51Z,3
CRAQUE NEWS,https://www.youtube.com/channel/UCEJofZUnoOvsGXWQZNde-xA,BR,2490,1,62,2026-09-10T15:00:38Z,3
LC Games Digitais,https://www.youtube.com/channel/UCg4q8pelGHYzThrFTwKprmA,BR,5760,1,51,2026-09-11T17:16:20Z,3
Estúdio 144,https://www.youtube.com/channel/UCSI7FZoxKUMtKhdYQ5vRguA,BR,1780,1,46,2026-09-09T22:00:31Z,3
Gian Lumertz,https://www.youtube.com/channel/UCpYbhqcwRlHHgx_2r5LsvFw,BR,1870,1,17,2026-09-11T13:55:38Z,3
HCLcar,https://www.youtube.com/channel/UCwPJ9OfzWQlUCMB7c7Rfy7w,BR,1150,1,10,2026-09-10T08:58:03Z,3
THZIN FPS,https://www.youtube.com/channel/UCZ1aub_A9qOuUNfpyuZ7Z8A,BR,2330,1,8,2026-09-09T14:30:15Z,3
Yakisame,https://www.youtube.com/channel/UCSsFopqZLACho2zwXRtdxUQ,BR,10400,1,8,2026-09-11T03:12:57Z,3
Canto da bola ,https://www.youtube.com/channel/UC5ZQZxM8HRJCeT8JmwLB_Dg,BR,1300,1,7,2026-09-10T16:32:32Z,3
ALX Motors,https://www.youtube.com/channel/UCMCkaEYtoQbgd4HqTGmADyA,BR,7700,1,7,2026-09-11T14:42:41Z,3
rxfael,https://www.youtube.com/channel/UCodG6dwwpWz0pTzQ_Nhxi7g,BR,2860,1,5,2026-09-11T14:00:04Z,3
Game Over,https://www.youtube.com/channel/UCqpfUrvV-ulEADKpx2Pp35Q,BR,2080,1,3,2026-09-11T10:30:04Z,3
Rovati YT,https://www.youtube.com/channel/UCiUYq4HFi1eh113G0kce1AQ,BR,6530,1,1,2026-09-11T15:00:39Z,3
Papo Clipado,https://www.youtube.com/channel/UCwEz03QHp3lU1n-9pPI1Dpw,BR,1960,1,1,2026-09-11T15:04:27Z,3
LAFAIETE Car Service.,https://www.youtube.com/channel/UC7PIy5SeAAZhwZU93j3ylcA,BR,1680,1,0,2026-09-11T18:50:23Z,3
Isabela Ramos,https://www.youtube.com/channel/UCL88bRjWLcnkYjvXdFdgNyA,BR,7920,1,0,2026-09-11T19:14:38Z,3
Gege - Futebol,https://www.youtube.com/channel/UCXKYFPPxRuFeddD-bGwaU3w,BR,11000,1,0,2026-09-11T19:00:10Z,3
MITO TV SHOW,https://www.youtube.com/channel/UCws3dysplsXRZd7ociZsblA,BR,1910,1,0,2026-09-10T21:01:57Z,3
Nerdlicious,https://www.youtube.com/channel/UCSkDgw4YOIbGYrmo_mtF5EA,BR,2170,1,0,2026-09-11T15:00:05Z,3
Anime World BR,https://www.youtube.com/channel/UC16A5_9m4gZ_hEZLUdCHtUQ,BR,1420,1,698,2026-08-31T14:03:39Z,2
Felipe Combos,https://www.youtube.com/channel/UCVMzaSlLUoNzOVGDW5DYV2w,BR,2290,1,559,2026-08-29T22:34:39Z,2
Respire | Adriane Faganello,https://www.youtube.com/channel/UCQ_DcgEXcmhnCnr6hAEWp1g,BR,7690,1,366,2026-09-05T22:00:02Z,2
Loja Carros,https://www.youtube.com/channel/UCE5fJwtg0wE-bRRD3_gVBBQ,BR,1780,6,337,2026-09-01T21:52:02Z,2
FELCA CORTES,https://www.youtube.com/channel/UCprs4L6jXulryh_MdCHC2Ng,BR,2530,1,219,2026-09-07T00:01:10Z,2
Aquele Anime,https://www.youtube.com/channel/UC0O4sxaDnKPMdOvUoGjtCZg,BR,1070,1,54,2026-09-05T21:00:20Z,2
Geek Consciente,https://www.youtube.com/channel/UCFOn9si9LBfJSkCeBZASW4w,BR,18500,1,1980,2026-08-30T17:00:20Z,1
Marcelo Wiek,https://www.youtube.com/channel/UC3GyWe6ekug2yjdyR7jVAug,BR,8640,1,1052,2026-08-23T13:14:04Z,1
CarlosArt,https://www.youtube.com/channel/UCJNuCxzhbj7oWj4mdNb1YjA,BR,5380,1,1001,2026-09-03T16:01:07Z,1
Bixo Cabeludo,https://www.youtube.com/channel/UCX-mgAzpVx2db8yfnlQk6Yw,BR,4740,1,503,2026-08-31T18:00:04Z,1
Nyari Cars Autos,https://www.youtube.com/channel/UCAdgzJPPoH4D0zgkP_YPlBA,BR,17700,1,431,2026-08-26T17:58:33Z,1
Salada_Tech,https://www.youtube.com/channel/UCcp5rwuGBqG6SIj56EmS_Lw,BR,16300,1,401,2026-08-26T22:20:54Z,1
Shynoubi,https://www.youtube.com/channel/UCu7XCeTjj94TaS9jJRZkQkA,BR,7700,1,225,2026-09-03T16:00:01Z,1
Lojas MM,https://www.youtube.com/channel/UCx0j3Zz4wOHp6q0GTv4JqCA,BR,2680,1,207,2026-08-18T16:27:05Z,1
PremiumHIFI em Português,https://www.youtube.com/channel/UCNr93CS2cMYj52OA4FKG-6Q,BR,3700,1,187,2026-08-16T20:00:05Z,1
jack013,https://www.youtube.com/channel/UCWAtxVq-SMklJbnyNdnsrKg,BR,14900,1,183,2026-08-28T16:37:58Z,1
MercadoCar,https://www.youtube.com/channel/UC6nwPqqCbVmMoLLo2cNTq4g,BR,10700,1,159,2026-08-21T23:00:00Z,1
Quase Literalmente,https://www.youtube.com/channel/UCoE8X14gxKdr4xO6eijdbww,BR,1850,1,121,2026-08-31T19:00:05Z,1
Universo Shop,https://www.youtube.com/channel/UCZKMtNs8g_6nI1s4GuWiJVw,BR,3130,1,86,2026-08-21T17:57:30Z,1
AUTOCSBR,https://www.youtube.com/channel/UC8NUJlO0x4GfvdqCrib-3fw,BR,5590,1,65,2026-08-19T13:01:13Z,1
Unique Automóveis,https://www.youtube.com/channel/UCZQgHs9VrXBV-PEkTP4CY8A,BR,1230,4,59,2026-09-01T20:51:21Z,1
Papo peças sobre peças,https://www.youtube.com/channel/UCrMdbIrwx5omoBe1CxrG0nA,BR,2450,1,53,2026-09-02T12:42:33Z,1
PodNeas (PodCast do Enéas),https://www.youtube.com/channel/UC9kSXZtYUkXbYucgnrwtPDQ,BR,2980,1,1,2026-09-02T15:09:49Z,1
